,burst
31,peut être des ports si la bagarres 
62, aussi tr
96,Alord
126,","
131,ces 
139,Les personnes qui se battait 
146, même 
150,M
181,si vous 
193,cagra
197,Qui trouve que de se battre c'est bien 
222, il a que les grands qui cherchent la bagarre encore une reson
226,c'est juste pour montrer qui est le plus fort 
232,ou regler 
244, trop de 
249,de
252,s
256,petits ne s'a
258,orde
266,hez les petits 
272,.
274,Je pense 
279,J
281,ment on de
282,vrait les aider
286,lieu de se ba
291,'et 
293,création  
301,é
302,était au gool 
307,lui demande je 
308,pe aller au gool
310, était a
318,but 
323,ême je reste au gool
325,non ci non ci 
326,et il se bous
329,et il se taper 
330,puis un instit
331, vu 
333,nthoni et I
336,r demande 
342,a violnse a 
343,l'école es
345,quelquecho
347,se de très dangereux.
348,pour avoi
349,r moin de violance a 
350,l'école il
353,quelquen 
354,nous em
356, essailler de voire 
358,consé quand
359,quences 
360,dese qu'o
362,i v
369,.
374,audrai 
376,aler le dire sa
382,fait de mal 
386,en a
387,vait fait soi
390,. 
393, pas les règle.
394, domage que
397,l étai
399,fois 
400,des filles taquin
402,alédine
403, et il a 
404,été puni.
409,luis fesais des
412,tre
414,sa a mi en colère
418,esseiller de meitre 
419,un gros coup de 
420,poit des la vitre
421,... mais 
425,maleureu
427, M
429,sa a marcher
435, les pompier 
437,moi et mes amie 
438,et mois
441, cour
442,u pour
450,été la
452,deux 
458,ur aprés il est revenu
461,vec un r
470, que c'était 
471,son copain 
485,fait mal au personne
488, au enfants parent
489, des fois on re
492,vie d'aller s'exuser à la
494, et au
495, a
497,à la personne 
506,offre quel que chose
507, pour se faire pardonn
509,","
511,.
518,.
520, si on ne fait pas sa 
525, si on regraite pas
527,Il était une 
528,fois dans une école qui
530,'a
537,l s'est passé une histoire
543,dans la c
546,réation on jouer au relai
550,'était dans l'é
551,quipe de mon frère 
555,.
563,en nous poussant pour q
571,les copain de mon frère
572, se sont énerve
576,.
583,en se tapant
585, a mis le pied devant
596,est arrivé
598,pour les 
621,Si ont 
623,que la violence parte il 
625, ont arrète 
626,d insulter et de ta
635,sa crée plein d em
647,La violence n a rien 
654,Q
656,maitresse nous dit 
671,la violen 
693,Mais la violence 
695,sou aucun 
700,Dans cette école 
706,sa fait mal
709,D
713, ai 
715,e voie 
716,beaucoup de violence.
724, bagarre
730,..
738,après il y en 
743,ui tape cette personne
754, et des foi
759,s amuse a
760,à taper les autre
766,a trai mal.
767,C est pour 
770,u il ne faut 
806,Il y a plusieurs sorte de violence 
842,",il y a aussi c"
845, all
859, le
914,mais je voyais qu'il plleurait 
917,il me f
919,car je ne savais pas ce qu'il avait
922,Alors a la fin du cours 
924,ce qu'il avai
925,sont meilleur ami qui ma dit que tout les ma
941,er
951,ma choqq
971,. Mais quelque chose 
1007,'
1008,cette histoire
1013,des conssé
1014,cense
1017,enperison.
1023,je pesnse que 
1042,jouer enssem
1051,ï
1054,sauf que c
1056,na c'est 
1057,besser et
1061,jélalidine
1066,Et après la dir
1067,ectrisse a appeller
1070,man et 
1072,' inferme
1074,Ap
1076,il est arivais 
1078,upi tale
1083,revenue de 
1084, avaios eux 
1089,puis voilà
1094,puis c'ète
1095,cette année 
1128,.pa
1133,viol
1155, alor
1157, parce que ca nous fai
1180,et il ett
1193,z 
1208,unjour il rencontra 
1221, far
1241,ce fais pas d acheter ler gent 
1251, prof 
1253,j 
1276,ne se battais plus il avais des bon 
1299,au lieu de se batre pour 
1304,il faut aller le 
1313,alors que si 
1317,vous a
1318,ller vous aussi etre punie car 
1323,et sa peut a
1324,ussi agraver la situation 
1329,donc 
1330,il faut aller le dire au lire
1352,un de mes ca
1353,","
1367,se moquer de 
1374,avions finie notre mat
1382,Nino m
1383,'avait dis qu'il en 
1384,marre et q
1389,M
1396,et Issam a 
1398,et n
1401,""""
1403,me casse les (qu
1409,donner un coup de pied
1415,ete 
1417,et aussi un coup de poing 
1420,rof est arriver 
1421,Ni
1427,ssam aussi 
1431,partie a l'i
1432,nfirmerie est le lende
1443,fermée la g
1444,rille 
1445,a 
1447,et 
1451,qui 
1454,.
1456,il faudrait 
1458,et des alarme.
1461,pense aussi 
1462,que 
1463,se n'ai pas nor
1464,mal car 
1474,desélève
1477, sa fait 
1478,un peu peur
1480,J'ai 
1481,vecu 
1483,ce 
1492,Mon di
1493,recteur est 
1494,ces 
1495,batut
1500,emmenée
1505,vue tout le mon
1506,de courir et en
1509,ue des c
1512,par la 
1513,grille 
1526,en en plus si quel
1529,te est que tu repond avec la violenxce ao
1544,l'i
1550,l
1553,y 
1562,iolence
1588,tu
1600,?
1615,il c's
1658,il disait que les trois filles c'etait mo
1665,.
1701,ô
1719, de
1722, et la derni
1724, puis
1732,puisque elle
1739,  que c'est pas bien
1742,.
1746,qu'il y est
1750,surveillant 
1751,dans la cour 
1755,",et ça serait plus efficace"
1761,.
1766,quel que c
1768,qui n
1769,'est pas 
1772, la derniere fois ily
1777,quatre bagare
1778, en cinq minutes 
1789,j'ai jamais 
1799,ssi en sport
1801, il y avait
1807, de classe 
1808,il
1810,se moquer de mon autre 
1811,camarade de classe 
1814, en avait mare 
1815,il lui a mit 
1819,é en enchainen
1833,.
1834,C'est pour ça 
1835,que la violence n'est pas bien
1837,pance 
1840,est 
1841,un peut
1843,peut tros 
1844,dan
1845,jereut
1848,y a de la 
1849,ba
1850,gare 
1853,ans
1856,lance
1860,nportant 
1861,c'est de 
1863,dulte
1865,metreet
1866, et les
1875, j
1876,'ai
1877, jo
1881, et
1888, et il 
1889,y a 
1892,ve qui ma
1895,.
1902,e pense 
1905,que la 
1906,violence a
1909,qu'on 
1910,joue a des jeux 
1911,pa
1912,s 
1916,ux se faire mal o
1917,u meme d'aller a 
1918,l'hopital 
1919,. 
1920,Il faut 
1921,plus se 
1922,bagarer 
1926,pe ... 
1927,Il faut etre 
1928,in peu
1929,x plus inteli
1930,gent
1938,' école 
1940,rs amis 
1941,qui
1942, joue a 
1943,u loup .
1944,Tout d
1946,un coup c'e
1950,san faire esp
1953,gane
1956,ere .
1958,Elle vat 
1959,giffle
1960,r shazya
1962,ainsi de 
1964, Les autres 
1967,les arre
1970,s n'arrivé 
1973,p ils a
1975,llère
1976,nt le maitre .
1977, le 
1978,Le maitre 
1982,Ila fallut
1984,de maitre pour les arretes .
1985, FIN
1988,'aime pas la violence car l
2000,C
2015,Pour moi il faudrai
2019,écre
2021,ation
2036,u
2037,de malade
2042,bagare entre 
2058,erre en moins de deux secondes
2079,au fesse 
2092,on peut se faire male
2093, et on peut se
2098,ale et on peut senie
2100, e
2112, et une 
2118, il faut que s'aret
2126, et
2129, et 
2140, récréation
2148,ya pasdeviolantion on peut joue tre
2167,sou rien
2170,violense arive
2172,si l'on en
2174,un autre 
2177,le si l'o
2179,'
2184,la trouse
2186, de qu'
2191,un  
2192, ou si l'on insulte
2197, il 
2206,  on
2209, ESTT
2211,BIEN PASSé 
2215,mai pas
2219,'
2222,apres midi  
2223,teo
2225,secham
2226, chamayer
2227,  a la cantine 
2228,teo se moque
2229,r
2230, delea 
2231, lé
2232,a  car elle a
2241, mai il 
2242,tom
2243,ba parterre 
2249,fauteuille pres  du
2254,.
2255,n lui  
2258,grimasse 
2259,en esseyen 
2260,de lui mettre un coup 
2264, que
2273,.
2279, est différent sera plus souvent humilié
2290,D
2294, d'accepter plus vite les gens qui 
2316, le coll
2339,que jour elle ne pouvait pas se défendre
2343,vons dis au surveillant
2359,Puis quand
2362,s ont 
2379,Cette fille n'a même pas été puni
2381,Ensuite lorsque qu'elle est
2383,enu au collé
2388, et sa mére a décio
2391,changer de collè
2402,Et je ne l'ai plus jamais revu à 
2409,L
2419,. 
2431,(je suis une pétasse 
2449,.
2477, la consoler .puis tout
2484,se mettent mêmes
2519,que a p
2523,vno
2526,.
2533,    pa
2534,janti.
2536,sai 
2538, jan
2540,janti
2553,est in 
2556,merlin la
2557, tran
2561, a
2564,et
2565,st il
2571, in 
2572,e
2573,équrey
2596,car sa peut avoir de grosse consequenses et 
2604,il faut mieux discuter avec la personnes et non la taper 
2650,Il
2739,s
2769,qui trouvait sa inamissi l
2840,a doné 
2845,ê
2853, a
2858,a mélodie 
2867,catalina
2868, la relevé lui a mi une 
2869,p
2872,mélodie 
2874,éillé de se métre 
2881,les bagar
2882,. Parce 
2888,ssone
2890,st a no
2891,us maim
2896,regler 
2897,ses histoir
2900,bagar on 
2901,ne joue plus 
2902,ansen
2905,bagar pour le balon
2908, on a
2909,rete
2912,l
2919,N QUI Di
2920,s des insulte
2922,que eu 
2924, E
2925,est 
2931,quan
2933, il non 
2934, n 
2938,s
2943,quand
2949,d un c est nul la volence ne resou 
2953,est peu avoir des cocecen
2965,e
2968,si on tape l enfant 
2970,qu il va a lopitha
2999,il faut qui nous punis 
3002,si on 
3026,on dit se con
3047,loudr la rere tape estv
3054,qua a tems que est maitre est maitrsse a
3075,qu il l aimer mes moi 
3090,qui qanera se com
3091,bat 
3092,sara la petite ami de tom alo
3110, mes on est a l ecole c
3116, les 
3144,tom dit  alor 
3146, je suis dacore avec alicia 
3154,: est la tom dit 
3162,........... 
3234,et
3237,et puis si lem
3245,il
3250,a
3273,...
3286,g pas tout 
3316, et
3319,I
3325, jou au
3330,ou au foot
3337,OJ
3338,ORDUI IL A U 
3339,ne 
3341,le mai
3342,î
3345,caramadie
3349,petit 
3351, ismele
3362,est t es
3367,a 
3375,u
3380,la violence
3386,Je pence pour la violence
3389, qu
3394,s'ignorer 
3400,'au
3411,pourquoi on fait 
3416,l'école
3420,'est pas fait pour 
3423,'école! 
3425,La violence ne résou
3427,rien du tout! 
3431,bien la violence? 
3432,je ne pence pas... 
3434,A quoi sa ser
3437,i
3438, la violence? 
3443,aime tu la violence
3457,si
3461,ou un ami
3471,un enfant du nom de 
3472,pa
3475, aller dans sa nouvelle école 
3481,qui s'appela
3487,se moquait de lui car 
3492,et car il s'appellait Pablo 
3495,une bande le 
3503,Arretait de 
3515,f.....tre plus 
3517,to^^oô
3520,. dit la bande 
3524,c beaucoup de sang à la t
3528,Avec le djine 
3529,trouer de partout . 
3530,Tout les jour était 
3531,parail. Jusqu' a 
3532,il de vien de leur côter 
3540,il arssèle 
3542,CP/CE1/CE2/CM1
3545,de lui maintenant 
3546,T
3554,un petit lui dit:
3559,-le petit avec 
3562,Je me venge 
3563,de se qu'il mon 
3564,fait!!!    
3565,A suivre
3569,c est 
3571,e 
3575,on peu
3584,opital 
3585,hopital 
3588,faire punir severement 
3591, severement etre puni
3598,de se battre 
3608,.
3609,D
3610,il faut aller 
3611,absolument aller prevenir 
3617,e sur
3618, surveillante 
3623,' ai vu une 
3625,o
3626,o
3629,quelqu'un 
3631,à donner 
3632,une droite 
3633,deux 
3642,une 
3643,droite dans le ventre 
3644,à la fin 
3646,l'a enchéné 
3647, contre 
3660,l
3661,é
3663,o
3664, zoo
3668,oo
3669, f
3674, te lion 
3675,et tige
3677,","
3678,des sle
3682,.
3685, le bus
3687,e
3688, v
3693,te me
3696, les 
3708,Ici a 
3744,par exemple si il y a une bagarre  
3818,p de betises l'animateur l'ammenera
3821, a 
3835, Dans la cour il y a beaucoup de 
3844, Dans la classe 
3849, a cause des pacte
3857,FIN 
3859,         H
3897,il dis a ses parents de rester 
3928,enca a rebtr
3960,vait deux qui sont venies sur loi et qui m'o
3989,Noah et de Jérem
4002,pendents 9 mois de prison
4013,", dans la cour du collé"
4015,il 
4020,une 
4026,là où
4030,Le 
4032,Deux surveillant 
4036,séparé les deux 
4038,dans 
4040, la bagare
4041,fants 
4043,Les deux enfants 
4044,sont montés des la 
4045,e bureau de la 
4051,et au finale
4053,ont rien gagné sau
4055,n'
4056,'avoir eu une punition 
4059,et 
4060,1heure de 
4069,puis 
4070,c'est devenu 
4071,une grosse bagare.
4075,pour moi ce n
4079,ça fait du mal au 
4082,ça peut crée des 
4084,et 
4087,faire mal à 
4093,. 
4095,elui qui le peut avoir des 
4096,t se faire 
4097,avoir des probléme 
4111,histoires 
4113,On peut parlé 
4114,ou le dire 
4117,. 
4119,On peut 
4120,avoir des punition
4126,qu'il est moins de violen
4128,On est 
4133,dré 
4136, li
4137, y a
4138, a
4142,cou
4143,p 
4145,n
4147,A
4149,l
4150,'
4159,moi
4160,.
4164, est
4166,avec
4167, moi.
4168,C'est
4169,trè
4172,t
4174,vou
4187, est pas bien de 
4188,tappez les o
4198,parceque sino
4199,n on va etre puni
4200,;
4201,.
4208,l otre 
4216, et il fait espre
4219, le tappe
4223,sa va se terminer en 
4225,gar
4226,e et ba les 
4227,deux vont etre
4239, qui a tappez 
4240,l otre et que 
4242,tappe 
4245,l otre na pas tappez 
4249,l otre 
4255, fait
4256, un truque pas
4264,du bruit qyuand le maitre
4274,l otre na rien fait 
4275,.
4277,il y en a
4278,a qui l
4280,pousser les otre 
4281,H
4284, un qui c est fait mal
4286, et aussi 
4290,il faisait 
4291,croc
4294, et il se faisait 
4304, on a touse 
4305,sauter sur les otre
4306, et apres 
4307,on c est fait puni
4319,mais un jours la pire baston 
4324,.
4356,quand il y a des bastons tout le mondes 
4360, cercle autour de 
4390,",parce que gens les "
4391, embète
4395,certain mais terrorifie   
4401,Au coll
4406,et on ne se sens pas très en sécurit
4409, On voit souvent des 
4414,.   
4427, et la violence psicologique 
4454,P
4455,Il y a des gens 
4460,",mais moi je ne suis pas de "
4469,d'ar
4492,qui sont très bless
4494,et qui sont encore à 
4501,  Y     A       DE    LA    
4504,SE
4505,CAR    ON  
4514,LANSE      A      L  ECOLE
4518,POUR    SA      
4525,lindi    j 
4527,ai
4529,mi  
4531,cou
4540,a    
4541,negla    
4550,jantille
4551,genti
4554,avec  
4555,mes      
4557,camarades    
4558,donc   
4563,set   
4568,des    punision
4571,fin
4592, a rien 
4598,. Les insult
4603,<<se
4658, .Le mieux c'est de en parler a un 
4664,e
4668,r c'est affaire tous seul 
4669,.
4677,il faudrais mettere 
4679,allez faire des chose avec d'autre perssonne et parreille avec 
4684,ginsulte
4695,pour
4696, poue pus qui'il y a des probleme
4700,i
4713,et la plupert du temp 
4722,e les autre enfant se faiser toujour 
4728,.
4734,donc la maittresse expliq
4739,puis Il y a plus jamais eu de probleme a present.
4749,                                                                Le joue ou des enfant se faiser accuser
4752,de lucas.S
4762,creer des probleme 
4763,<>
4764,e
4767, et a present tout aler bient 
4779,m
4789,une fille était amoure
4793,garçon et le 
4795,çon l'aimait aussi
4802,.I
4805,",il passaient leurs tem"
4806,ps ensemble
4818,beau jour le garçon décoyu
4821,que la fille 
4823,d'un autre 
4825, garçon.
4831,Samuel
4834, qui s'appelait
4837,Et comme Samuel était 
4841,Samuel et Mamadou
4843,se sont batu et
4845,",mais ils se sont"
4850,tard ils se sont récon
4862,si on se fait trè
4864,fait 
4868,tape les autres 
4869,ou si eux ils nous tapent
4881,nt male
4884,si ont ou ils 
4886,t avec la violence
4887, si il 
4888,y a de la violence 
4891,il peut y avoire des acci
4903,c
4905, avoire de bagare
4908,P
4909,","
4912,ne pas qu'il y est
4916,CE 
4926, .
4928,CROMO SA VE
4929,SE
4936,J
4937,e
4939,joux 
4944,I
4945,L 
4947,é
4954, EST QUI SA
4955,VE 
4960,SON NE
4964,Né
4965,COLE
5030, il y en a
5040, et apres 
5041,on peut arranger les chose qui vont pas
5054, meme si o
5057,et pas copain a
5063,il y en a 
5098,avec
5101, apres il vont le dire a  des personne 
5110,se tap
5128, y
5172,et 
5176,j'ai vu il y en a 
5188,se tapent
5205,Dans 
5206,un gy
5212,un certaint 
5214,s 
5228,.
5231,.
5236, Jen
5267,. Luc alla voir le pro
5276,fort et ses larme dégoulinait dans ces 
5308,HOP dans le bureau de 
5318,la violence est employer 
5333,Surtout les gar
5339,e resous rien mais attire plus de 
5344,st 
5348,La violenge est un moyen de se v
5357,ou pour le plaisir de taper les autre
5378,oyer 
5384,.Moi 
5389,Je ne comprend pas pourquoi 
5391,%
5397,s ce mode 
5426, V
5427,IOLOSON
5428, DE L.
5430,POURQOI
5432, YA
5433, UNE
5435, ELLE VOLE
5439, SESAFAIR DE
5440, ECO
5443,DE TOUMODE
5444,ET PUI
5445, IL VOLE
5446,E
5451,rs
5453, il es
5460,es 
5462, foot
5465, pour amis
5469,ils son 
5472,cont
5476,joue fout
5478,joue avec 
5483,s 
5485, on
5487,Q
5490,vous insultes 
5493,de se battre il 
5496,O
5502,ni 
5507,s.
5509, on se bagarre 
5510,on sera puni
5518,pour que sa s'arrett
5519,e il faut q'
5526,parce
5530,quelqun l'avait insulte
5534,j'ai essayer
5548,je leur e
5553,er mais il mon ppas ecou
5561,j'ai appel
5564,quand elle est a
5565,rrivé il on 
5573,pé il n'
5575, pas pu 
5576,il m'on dit 
5577,qu'il allait
5578, s'occupé d'eu
5579,x et que je de
5587,un mots de travers que dit Théo 
5594,s'étai
5599, sdu matin toule monde était 
5639, sur le ventre 
5663,coups de pie
5697,nous entendons une sirrène 
5700,.
5709,surve
5719,pour de bonne cause 
5754,Souven
5787,.
5803, .
5804,D'ailleurs il y a aussi les mena
5807,les mots bizard qui inventes au colle
5839,er la violence c'est de ne pas provoquer l'autre ou si il 
5862,SA CRES DES PROBLE EST 
5863,EAU SI PARCE QUE 
5866, EST E 
5870,APPRE ILS AQU
5871,CCUSENT
5873,EAU TRETTRES 
5879,CO
5881,PARCE QUE APRES 
5886,.
5895,DAVIS A LERRE PARENS 
5899,ARRETES LAS BAGA
5908,LES ESSCCULERS DES ECOLE 
5911,S QUIL FAUS ARRE
5918,A LECOLE  GELALIDIN 
5919,DI NARETES PAS DE CES BAGARES 
5920,AVCE LES OUTRES 
5934, EST PUIS 
5936,COMENQUE LES OUTRES 
5938,LE TEMPS 
5947,ESTPUIS ILS DIS 
5959,ANS CLACE 
5970, DE 
5971,FAUS AVCE LORINE 
5973,YANE EST GIMIS EST PA
5975, EST YASSINE 
5982,MES 
5989,.
5991, DIS SONS 
6004,je pense que pour arette
6036,parce 
6091,puis tous le
6130,parce que les petits 
6133,donc après le grand a couru v
6136,et les petits ont 
6186, et il n
6199,Mais il y a surtout des insultes pour rigoler et je ne trouve pa
6211,Puis il y a 
6212,des 
6241,alors qu'il ne sont pas beaucoup plus intelligents 
6252,D'autres sont gentils et nous dé
6273,qu'elle avait 
6305,je ne suis pas très contente qu'il ne se soit pas excusé 
6349,j'ai surtout entendu en conclusion 
6352,ne venai
6364,avec un pantalon délabré et des chaussures 
6365,au on aurra
6400,q
6402,","
6404,il y avait sur un trottoir du collège
6408,que c'était une douleur qui lui avait pris d'un coup
6434,pour 
6435,y voir plus clair et 
6492,'
6493,est 
6497,c'est bien pour tout le monde 
6499,pas un truc bien 
6500,de ce battre avec se 
6507,mettre des personnes 
6514,as bien de se battre 
6522,qui l'aura ou pas 
6524,rien ca apport que des 
6530,il y a des 
6535,pour 
6539,faut au foot ou au 
6540,basket sa arrive
6542,fois pas tout le temp
6544,mes y a des ba
6549,pour qui va 
6551,etre prémier
6559,bagarre avec 
6569, pour rigoler 
6578,ca co
6579,mmencer par 
6580,Noah il ma taper
6582,j'ai rendu apre
6584,Baséhou 
6586,à dit je vien 
6592,aut à dit moi aussi 
6594,Baséhou à mit a
6595,un coup 
6596,Ti
6599, à dit moi aussi 
6600,j'ai donner
6603,Noah 
6605,conier Baséhou
6614,'herbe il est 
6622,ver je les r
6631,Thibaut a
6632, taper 
6633,Basého
6634,u la pousser contre le mur 
6635,lui a
6636, taper
6637, il sont parti
6653,au college car pour moi 
6664,il ex
6670,mes c est 
6696,et sa mere la 
6699,.elle 
6723,c est tres 
6747,jour 
6755,un jour 
6763,.
6764,","
6798,il en pouvais plus 
6814,lui avait dit de amener de l argent 
6855,beaucoup seg
6866,   v
6869,pence 
6874,a 
6875,doi s 
6878,tè 
6881,des 
6882,plinte 
6887,CIA 
6888, ce 
6895,ia 
6897,lte 
6900,e la violence à lé
6907,Je pense 
6910,sputer à l'école
6911, à mon avis 
6916,asse 
6919, ou quelque c
6944, l'ecole generalement
6949,histoire de carte
6957,cherche pas à me disputer
6963,Mais 
6972,se n'est pas forcement 
6986,c'est tou
6996,pour une raison 
7011,à cause d'un 
7022,n'avait pas rtraper 
7026,e
7028,é
7032,garre
7034,c est qu elle que c
7038,qu on ne peut pas suporte 
7041,n garç
7043, dit 
7046, moi tes bec
7048,. mais 
7051, Mais  l autre dit 
7055,. ces moi le clochard
7059, en coup de pieds  
7060,ou avec des claque
7063,les surveillent inter vienne 
7064, et les 
7071,ette histoire 
7078,.
7085,transport
7090,juif ne savaient p
7093, il les
7100,il rentrait 
7103,qu il avaient
7104, des mittra
7105,raillette 
7112,il rentraient
7113,6 mmi
7119,aitaient afoler 
7123, y avait plusi
7124,eur camp 
7125,:se de concentration et 
7147,si  il   faut   
7148,praublème   il  
7150,mieux  le  
7151,resoudre  
7156,violance  
7158,'est  
7160,violance
7162,grande  violance  
7166,appeler  de  
7168,  poure  les    
7169,s'èpparer
7172,les  s'epparer
7173,e
7176,une fois  
7177,un  
7183,ta
7184,pèe  les  fille  
7185,pase
7186,' que  
7187,il  les  trouver  
7188,belle  
7191,n jour  
7193,fille  font  
7194,plan 
7196,lendemain  
7198,fille 
7199,se jeten  
7200,sur  
7201,gaçon
7203,garçon  pou
7204,r  le  ta
7207,fille  se  
7211,ve   et    lui  
7217,pour  taper  un  
7220,à l'école 
7228, et c'est marquer 
7229,dans le réglement de l'école
7230,.CE 
7234,sont des cour di
7242,ou niveau diférent  
7248,etce1
7251,des jeux adipos
7252, dispotition
7256,(corde a sauter 
7258,pédalo
7277,p
7291,deux marelle et dela végétation
7293, joue au bille 
7297, et un terrain de 
7302,",des abre pour "
7306, et un terr
7317,","
7324,éte pas les grands.
7328, que je rentrer de l'ecole
7332, et donc j'ai vues 
7333,un enfant de mon age 
7354,arrive a l'éecole< >
7356,donc 
7360,et j'avais
7364,es 
7366,l'entourer et le plus petit 
7383,.
7387,ne c'est 
7392,ce qui soit partère les autre 
7394,é de le frapper
7395,h
7400, coup de pied et autre
7405,.
7407,tortur lenfant de 
7412,a appeller la police .
7418,nsuite il est rentrer che
7419,z lui est était tromatiser
7423,les autre 
7429,à rien.
7445,e ne pense pas avant d'a
7484,Après petètre y a t
7491, Ce qui veulent frapper n
7500,Ou 
7509,. 
7510,Ils y 
7517,", d'autre dans le coloriage pour se détendre "
7523, et puis d'autre qui partent se cacher d
7611, mais rien n'y faisait j'était coins
7618,Il mon fai réspirer des choses...
7665,C
7692,t trop tard. Et maintenant me voila à l'hopital...
7718,té
7721,al'ecol
7722,e
7724, pa
7725,rece 
7726,que  les
7727, petits
7729,fai
7733, se  
7734,lan
7735,er des
7739,classe
7745,eiela 
7746,etlorine
7749, foi
7750, nei
7753, bagare 
7755,c
7756,lasse
7758,m
7760,iter
7769,que la violent se 
7797,fesais 
7835,que 
7843,"oit payer dhfteyhcjeh,fhekdfje vyedeljcghe jdyyieufj,e"
7855,nkhijn hbhvyg  hhv hyfrijrurifntg jifhuero jijifeuhgik jie
7901,plus la personne qui lut fait sa 
7913,sa c'est passer il y a p 
7929,i
7938,0
7942,juli
7950,de faire des choses 
7978,est 
7989,lre d
8000,ado
8011,vien 
8023,a rien apar se blaisser et méme 
8026,. je pense que poure 
8027,qu'il y 
8028,é moin de b
8033,uelqun on lui dit et on en par
8035,puis on s'éloigne de lui 
8036,et surtout on ne parle pas de lui dans son 
8056,roue sa inadmisible 
8060,doive desfois 
8062,) pour les séparé . il ne 
8064,evrait jamais avoir de bagar 
8074,mais je trouve que les font ex
8078,enervé les s
8085,. 
8092,a
8138,intervenir 
8143, avait remarqué 
8152,depuis quelque
8159,jeudi d'après il y a 
8166,ques 
8177,é
8178, un garçon de notre classe 
8182,n'est 
8184,s 
8185,tros tros 
8186,bien
8190,d on 
8192,un
8199,!
8202, bien
8203,n car
8205,ma
8207,de la 
8208,bagarre a
8210,ve
8211,c un a
8212,mi
8213, à l
8217,ex
8218, ex
8219,prait
8223,ma
8224,r
8225,cher 
8226,sur 
8227,lui.
8228,A
8229,lors il
8230, m'a
8231,baffer
8233,baffer
8240,Etses la 
8244,co
8257,jamlais un problème avec 
8284,gg
8296,les enfants qui font la tete 
8297,parse que on les à 
8309,t il trouve des ex
8330,faire exprer c est pas 
8333, et un cout de pieds 
8336, et un cout de pie
8357,sa fait une 
8413,il a eu un mot a fait signer 
8418,Puis un jour il a fait pleurer 
8439,e 
8454,il c'est fait renvoiller 
8455,de la cantine pour quelque 
8463,et il a fait d'autre petite b
8468,alors il a 
8509, de l'école.
8523,'importe quoi au spéctacle 
8528,marcher il fesait le singe
8618,histoire je pens quil faudrait mieux co
8643,on quelque cose a faire dans l
8645,h
8790,ses lui
8826,et quand il mache sa lui fait mal mais maintenant tou
8894,dans pas longtemps je pen
8896,je n'aime pas ca 
8897,la violence 
8898,parce'que 
8899,il 
8902,ttentat de 
8904,moi jen'ai 
8910,donc j'ai 
8911,rêver de ca 
8912,et 
8915,uond 
8917,parce'que
8918, c'est super 
8919,dangeu
8920,reus parce
8923, on peut se 
8927,.
8931,fois 
8933,j'ai vu 
8942,à l'école
8945,n'aime pas ca 
8946,parce'
8949,qand on se ba
8951,faire mal 
8953,super mal
8954, par 
8955,ce'que 
8957,e supe
8960, il 
8962,un copain à moi 
8964,sais fa
8966,uper mal 
8967,et il est 
8968,meme aller à l'
8969,hopital
8971,une grosse bosse 
8972,dur la 
8974,ê
8975,ête 
8976,il sais 
8977,casser les deux 
8985,La violence a l
9013,ce 
9014,Al'ecole quand  il y a de la  violence 
9028,Mais la violence 
9037,C4EST SOUVENT DES 
9040,ven
9043,mais les auteur de cette histoir se font toujour 
9049,p de poing ect 
9056,Pour moi la vipolence ne 
9111, a moi est de plus nous se
9126,de fair des travail 
9130,. 
9171, je n'avait pas 
9178,ul quand une patite fille de 
9201,e
9202,un jour j'ai remenée u n g
9215,4AI  DEVENUE 
9231,s'etait l'anniversaire de ma petite soeur 
9232,a la sortit de l'e
9234,ma soeur ma donné des bonbons 
9245,(
9247,lilpou 
9251,s
9268, les a man
9272,clémentine 
9305,pourquoi les enfants n'avai
9308,la maitresse lui a reondu que 
9309,s'etait clémentine qui lui 
9318, de les emporté avec elle alors 
9338,use
9349, vers Cklémentine et lui tire ses nattes
9357,C
9358,Clémentine
9361,é
9362,eaient 
9368,violence pour moi 
9371, que des sou
9373,est en plus de sa 
9375,peut avoir des 
9376,heures de colle
9377,s 
9379,vec tes pa
9387,re
9391,de c'est 
9393, de pied 
9404,histoire du collège FR
9406,rançois Ra
9408,e 
9413, il avait presque
9414, toujours de la 
9417,dans le couloir
9420,dans la cou
9422,",dans "
9423,des classes
9424,.
9425,Il 
9426,faut se meffier 
9427,de ce qu'il
9432,NNNNNNNNNNOOOOOOOOOOOOOOOONNNNNNNNN
9434,Après il 
9439,que ta peure et
9441,mes tu d'e
9443, fi
9447,tout cella qui 
9448,vaulle se batre
9455,mes.
9457,FIN DE L4HISTOIRE
9462,sa serai bien si le violance 
9473,de po
9479,. 
9480,Je pense que la 
9481,violance ne devrait pas exi
9486,M
9487,oi on ma deja donait des coups de poig
9498,un gentil 
9507,ge
9513,M
9519,était 
9536,envie de le savoir 
9538,Il se m
9539,'était des coup de pied mechament 
9541,était en cp quand je les vue 
9545,sa 
9546,.
9547,Il
9572,s sois plus vigil
9580,qu'on
9583, sois plus 
9584,sévèr 
9587,que
9588,ec 
9593,tions doive t ètre
9601,jamai les probème
9605, la colère
9606,qui amaine ades
9610,ses don je ne par
9615,choses i
9622,dela violance 
9624, pure pour 
9626,ce quison
9629,voisles choses diféramen
9633,une bagare avec 
9638,suis intervenu mais envin
9647,est
9649,partout
9651,maissous une forme 
9653,ente une sorte dec
9656,ôté ob
9658,surtoutchez
9660, les enfants
9670,je ne citerai pas 
9674,que c'est faire du mal à 
9675,quelqu'un ou à soi m
9678,"me, la viaulance "
9683,les problémes 
9690,il ne faut pas se 
9696,Pour que la viaulance s
9706,lè
9715,", aux surveillants "
9716,qui sont dans la cour
9719,la viaulance 
9724,alors il faut arrèter
9725,é la viaulace au collège m
9728,me en de
9731,"du collège,"
9733,c'est méchan
9736,", la plus parts "
9741,t que sa va résso
9742,udre les problèmes mais non 
9743,au contraire sa les 
9745,arrèté
9747,Une histoire de via
9748,ulance au collège
9764,", il y a souvant des "
9768,"t des garcons, "
9775,se dans les batim
9777,la cour.
9781,Il en 
9784,Ca se passe 
9786,nt la récrée
9788,", pandent "
9794,. 
9798,Il y a aussi 
9801,des jeux dangereu
9804,"foulart, le "
9810,La viaulance 
9825,'école 
9826,.
9832,je trouve 
9833,ça injuste
9835,La violence 
9837,'est 
9838,pas une solutio
9841,Je n'ai
9843,sa peu faire m
9844,al. 
9847,La vio
9850,"r, "
9851,qu'il ne 
9852,faut jamais 
9853,utiliser 
9856, car  sa 
9858,soucis
9863,", pour "
9867,de poins
9869,la seule 
9872,réfléchi
9875,seiller 
9886,La
9889,plein
9890,des tas
9899,toute les 
9900,raconter
9901,. 
9903,plus terri
9905,c'est qand 
9908,ouvert 
9912,le menton
9913,... ...
9914,La premiere 
9915,fois
9917, C'é
9926,; l
9931,que 
9932,j'ariva toute 
9935,dans 
9936,mes mains
9938,Mon papa 
9939,avait 
9943,barait le 
9944,passage  et
9945, je me suis prise 
9947,Alors
9955,2eme fois:
9961,n de rage 
9975,"n avis , je ne suis pas la seul "
9979,Je ne supporte pas de voir 
9987, G
9993,horreur 
9996,ne m'arrivera
9999,s jamais . 
10000,Je trouve que s'attaquer 
10001,Ca ne veut pas dire 
10008,Quand j'était peti
10021,ça lâche de s'attaquer 
10022,à un 
10023,plus petit que soit .
10031,l'interdiction de la 
10035, avec
10041,JKe pense 
10048,régulièrement au
10064,Maintena
10083, Lorsque que l'on évoque le mot 
10084,<<
10093,on pense tout de suite à quelque chose 
10110,"Par exemple , moi je suis très sensi"
10112,à ce que l'on me dit .
10113,"Du coup , lorsque "
10120,ça me fait mal au coeur 
10129, ne
10132,ne pas la voir souvent
10133, malgré
10142,HISTOIRE INVENTE
10173, Je vais vous répondre 
10181,était un très bon élève 
10189,tout allait mal pour lui à l'école
10226," .Si par malheur , il décidait"
10236, avec un cocard .
10237, P
10250, de la réaction de ses camarades .
10254, raporteur .
10255," Pour tant , il "
10258,e se fait pas que voler son goûter 
10264,que récréation il a d
10265,roit à une tête de 
10270,cin
10272,ps de pied dans la 
10277,trois
10280," Le pire , c'est qu'à cha"
10283,que son maître lui demandait 
10299,e se retrouve
10307," Mais un jour , il en "
10315,d'aller tout dire à la directrice de son école .
10338, Des fois 
10345,les renvoya 
10350,Quand 
10369,'y a pas beaucou
10370,p de violance mais 
10371,quelques petites bagares
10375,P
10377,il y a des personnes 
10378,qui tapent d'autres personnes 
10387,ce n'est pas tout le 
10392, mis il faudrais faire attention
10394,a
10397,qu'il y a des jours 
10406, et il en faudrait 
10407, un peu moins
10413,"rine pleurer, je lui ai tout de "
10425,t frapé 
10443,"dans le dos, "
10444,elle lui a aussi écrasé les pieds
10449,lui a donné 
10450,quelques coups de poi
10452,...
10453, Ensuite
10460,tout le monde s'est 
10467,ême 
10472,encore fait du mal en lui faisant 
10478, Puis
10480,était l'heure du repas
10481,", personne n'a voul"
10489,j'était absente ce matin)
10491,t 
10498,ça s'est passé car 
10501,je trouve 
10502,que c
10504,'est
10506, pas bien ma
10508,et j'aimer
10510, qu'il araite 
10511,snt sa 
10512,sans  
10513,violance sans 
10514,bagare et sans
10518,Comme 
10519,se pouser se
10522,uel'qu
10526,quel'quin
10529,Quan
10533,é
10534,llerai d'a
10535,bore 
10537,l
10543,s
10546,es autre 
10552,je niarri
10554,pas je ne le 
10558,t je vais esailler
10563,s une 
10564,fois la 
10568,soeur
10569, d'une fille 
10573,  une fois
10574, jour 
10575,un gar
10577,n il s'a
10579,pelai ENKI
10585, soeu
10589,Sa
10594,partère 
10597,La 
10598,maman des soeur
10601,directrice 
10602,a apeuler la 
10604,qua
10605,nd sa 
10606,mè
10608, elle la enme
10609,n
10610,mener
10615,cousu 
10616,le gen
10621,s fais 
10622,exeprai.
10626,", le "
10632, école 
10657,Pour enpecher 
10661,ence a l école 
10665,","
10667,de plus 
10670,plus allaer en récréation s 
10676,.
10677,je ne me 
10684,s en prendre a 
10685,queelle q un pour un 
10694,voir des conportement 
10697,u
10698,r
10699,l
10700,d
10706,Pour tout le monde 
10717,vous l aurait 
10727,ez
10729,j aime la paix 
10731,ET NON 
10736,je suis 
10747,ranquille dans la cour de l 
10750, quand 
10752,t mon amie non loin de moi se 
10761,sens 
10764,j ai paniquer e
10768,il mon fait 
10784,les 2 semaine ou mon amie 
10788,3
10793,et mon amie vanèsa
10799,il faut 
10800,toujour en parler a une 
10803,.
10809,je ne voulait rien dire a mes parent 
10810,j ai désider de 
10812,sa ma fait du bien de 
10814,.
10821,Mon amie elle n avait 
10824,. c est 
10839,(tu le sais toi van
10844,comme vous le voye
10853,nos parent sont alle
10854,z tout dire a la polic
10856,nos agrésseure 
10859,s
10861,sont partis de 
10871,notre preuve que la 
10875,LA
10887,était 
10888,. 
10894,es
10910,il
10912,audrai plus 
10913,par
10919, car ler
10921,gare c e
10925,mais pas t
10928, plus de 
10930, bi
10932,et que les pions 
10933,lesse plus durer 
10937,se prendre d heure de retenu
10940,quand de
10943,aite
10950,un insten de panique 
10952,qu il alai me 
10954,tapais mais non il 
10960,j ai de plus en plus peur 
10961,quand ils 
10963,cer a taper quelqu
10971,sansonpris a moi 
10972,il mon tapaer
10975,yeux je 
10976, ai eu deux cocare 
10979,il mon pousser 
10984,quand 
10986,u un ma sauter deu
10990,voulai me donner un 
10991,cou de point
10994, sont monte dans 
11000,qui ma sauver 
11003,puis il sont partis
11007,' 
11021,  faudrait   faire    comp
11029,qui    font   la   
11030,bagarre 
11032,qu '  il
11034,ris
11038,n
11039,'ont  seulement pun
11042,aussi envo
11043,yer a 
11054,O
11058, et
11065, est vrai 
11069,y'a des persone
11070,s 
11074,fiche de ce prover
11077,et ils 
11078,et  font 
11081,bagarre
11093,x  
11094,aussi  dire  de 
11104,q'il 
11108,s les  petits  mais apre
11112,iii
11113,ls se  font  punir   
11116, résous rien 
11124,j'ai dé
11128,s 
11135,ils
11146, ils 
11152,eme place 
11158,les sur
11159,et un surveill
11164,les a
11173,mais  ils 
11176,le surve
11177,table
11187,séparer
11196, comme
11199,ent trop  facher 
11201, tro
11206,rrer en cachette
11213,dis a une maitresse
11217,se ba
11223, je trouve
11226,.Moi
11228,je trou
11232, grand ne doi
11235,nt pas montrée
11236,s le mauvai
11240, <Moi je trouve que les grands ne doient pas montrés le mauvai éxemple. >
11242,v
11243,Et doi vent
11246,ils 
11253,Il fodrai
11255, fasse
11257,s
11258,nt moins l
11261, ou des C
11263, et 1 ou
11264, 2 CM.2
11268, Des 
11269,en
11272, j'en vois
11273,m
11288, agée que mois 
11295,s plain
11296,s qui tombai
11299,se faisai
11300,t mal
11301,tombai
11302,s et qui 
11307,pas mal de violence au college 
11333,Je trouve qu'il
11381, n'y 
11436,et elle a monté tout le monde contre elle
11456,Les deux filles se sont tapéé
11460,.
11463,s'était réfu
11489,et 
11515,Pour moi la
11527,moi je trouve 
11534, je 
11537,il 
11538,faut 
11541, avec tous le mon
11542,de 
11543,ne 
11555,ê
11561,voila ce que 
11562,je pence de la violence
11564,faut pas 
11568,chant avec les autre 
11571,j'en 
11574,l y a des 
11576,qui mon em
11581,dit plen 
11583,gros mots 
11590,coup de male 
11591,je leur est 
11602,chée dans les
11604,n toute seule 
11610,que j'avait 
11615,à être bien 
11616,et maintenant je n'ait  plus 
11618,dre je suis contente .
11620, mais 
11622,n'on pas arrêter
11629,c'était mal ce qui me 
11633,Laviol
11640,t avoir 
11646,'étre
11648, violent
11649,.
11652,éviter la violen
11663,","
11665,", et aprés on le "
11667,:
11680,ba
11681,c à sa
11684,Alors 
11691,sau
11692,se lanca ede
11695,","
11699,construire 
11700,", mais"
11702,s'appele 
11705, Conn
11708,Thomas 
11710,écrasa sont 
11711,chateau de sa
11730,a violence 
11733,quel
11734, quelque cho
11738,y a souvent des 
11742,gars au coll
11743,ou des 
11760,trouve 
11763,pense 
11766,'
11772,é
11775,ctuee
11777,des methodes comme 
11779,.
11784,il faudrait 
11785,punir l enfant
11789, une 
11791,gare il faut 
11793,yer 
11794,l' enfant 
11795,qui 
11796,a provoquer cette 
11803,fréqent au coll
11805, et surtout les 
11809,garçons 
11813,ou 2 
11825,T
11831,nai
11835, est je 
11836,pense q
11843,est grave de faire 
11844,ça à leur 
11850,e pense
11852,que il ce moqait 
11853,ent de le
11855,'apparence
11859,ale passé et pu
11860,is ils ont 
11861,commencer a se 
11873,et ils ont eu des 
11878,colle 
11884,e que 
11885,on 
11886,pe 
11899,e
11903,des 
11904,bru
11906,e s
11909,qui 
11913,il 
11917,coue
11924,b
11925,b
11928,polic ier dans lecle
11930,g
11931,un garde 
11933,quelqu un de tres 
11934,fort donc un plicier 
11936,une perssonne 
11940,fau
11944,       pour 
11947, qu il yest moin de baga
11957,kong 
11967,que l ont 
11968,aurai envie et surtout
11972,","
11973, davoir 
11974,je sait cest tres cour mai 
11979,                    la viollan
11980,sse a l ecole 
11987,comme par exemple
11990,qui ya eu avec
11992,c mon cop
12001,i 
12004,enfin il y a tres lon
12009,pire enemie zen
12011,fin ci je peut
12013, meta
12018,fe ils avec un s 
12020,qu il
12021, etait plux
12026,choses partout
12032,mon
12035,meilleur ami l a
12036,vait dit a la directri
12039, la direct
12040,rice avai
12043,qu il ne devai 
12049,'
12051,","
12057,e
12058,. 
12073,te et sa fini toujour par se t
12100,z vous avec les parent ou heure d
12104,e
12108,'
12178,éseiller varaiment de se faire mal 
12179,k
12210,et lui donna un coup de genou dans le ven
12213,Par la sui
12244,pas la violen
12246,ca ser
12247,ait 
12256, pas la
12257,.
12258,La violence
12263,que ca
12270,ne mérite pas 
12271,la vie 
12273,","
12275,afère mal au 
12276,persone 
12277,du monde
12280, faire
12281,paix pour tout le monde
12286,violence 
12290,que s'
12292,quan
12294,j'était en C
12297,je métai
12299,bander les 
12301, et je suis 
12304,tomber 
12307,ête la
12308, premiere 
12309,parce 
12311,qelq
12314,é po
12318,contre le 
12320,.
12322, ner pas 
12325,faire mal 
12349, ou 
12353, Moi je pense que la violence 
12356,vivre sans la 
12359, et 
12373, qu'il faut punir
12375, La violence 
12386,mtexte
12395,. 
12404,avec la violence il faut tou
12407, Il ne faut pas ess
12410, dans la rue alors 
12413, car on est 
12422,La violence 
12432,.
12434,C
12437,connaissaient un 
12449,l taper les autres 
12458,", si cette personne "
12470,à Pierre et Paul
12477,Mais il
12482,non pas accepter 
12505,és chez le dircteur
12517, la violence à l'école
12518,", il faut "
12520,l'
12524,tre violen
12546, dans l'école 
12552,ils se disent que tous l
12571, très
12574,e
12576,eux m
12578,rai
12583,", personne "
12610,. Mais pourtant 
12611,je pense que 
12621,"e, on purrait"
12638,faire des activit
12643,"u foot, ou "
12645, des choses qui pourrai nous occuper
12648,<ô>t que
12650, se bagarer
12653,Enfin la violance 
12655,et il faut que ca s'arrète
12659,des enfants jouais 
12667,d'enfants plus agée 
12669,un des enfant
12670,s qui  se 
12678,""" tu veut te battre"" "
12679,l' autre plsagée a
12689,ls se sont batue
12694,. 
12696,Quelque jours plutard i
12698,ent tous les deux a 
12711, et l'autre avec des béqui
12721,en vendée
12723,;
12726,u
12737,"ont tous les deux sortit,"
12742, enfant 
12745, ils n
12751, y avais matis
12753,il j'arreter pas de taper des personne 
12767,il me taper défois 
12768,s 
12787,Bon moi je la
12799,meme mes amie on dé
12808, ET APR2
12840,Au
12848,est puis elle a ple
12850,et natacha a ri
12856, ETAIS
12868,s'etais un matin 
12875,j'etais en maternelle 
12879,biter a cote mon ecole 
12888,puis on n'est allais en recre 
12889,est je jouer avec une amie est la 
12896,ffer
12908,medecin avec mais parent 
12910, il s'est fait 
12928,et apres on n'a manger 
12931,apres on n'est allais dans la classe 
12936,a travailler 
12937,apres sa a resonner 
12939,on n'est allais 
12953,Et sa encore sonner 
12955,dormi
12960,. Mais apres 
12970,est puis
12975,est apres j'ai pris ma douce est 
12979, et je me suis coucher 
12983,t
12991,é
12992,il ma fait 
12996,é
13009,Je trouve qu
13012,tros de viollence au coll
13031,","
13033,Je pense 
13049,y ait plus de surveillant 
13053,arenger 
13054,Que 
13057,car les bloc de 
13065,extèrieur du collège
13075,","
13077,Qu
13078,'on vasse en sorte que les r
13089,ernier.
13091, Que les serbaquanne 
13096,voit une boulette 
13100,été une fois dans le collège 
13121,Il y a 
13125,pas comme tous le mode s'etait le 
13127,émisaire ilo s'aprlait 
13143,mal mais il tirrain sur les 
13144,surveillant et les 
13152,rer
13164,mais mouras de puis se 
13166,jour les serbaquane sont 
13175,Mes
13176,","
13178,.
13183,'
13184,enticonstitu
13187,11 
13191,l
13198, agrave 
13210,s
13213,gens
13234,un policier intervenat
13239,faire une scene de violence t
13243,leir montre comme ils sont 
13277,il av
13283, a
13287, il engage un acteur pour 
13321,emande si il pouvait 
13331,the end
13332, fois 
13346,L
13375,La violence n'est pas un jeu 
13397, Il existe plusieurs formes de violences 
13411,sh
13430,u même de plusieures il faut n
13439, ou meme si vous ave
13481,Mais un jour Lila a
13502,ne t'occupe pas de mes affaires sinon tu 
13513, ne se laissa paw
13551, et tout le monde la regardait avec admiration
13600, partie de l'école en courent
13689,Vraiment 
13700,.
13773,Elle ne les conn
13781,Ils ne lui ont pas répondu
13792,ui 
13811,cinq un surveillant qui avait entendu les cris de douleur
13846,Les pompiers sont arrivé
13894, vite
13902,je pense de la violence au collè
13905,Je n'en pense 
13919,peu génant toute ces ba
13926,que pour qu'il y
13938,ce que 
13953,Justement 
13976,et ils me 
13978,qui essayaient de m'attraper pour 
13979,que celui avec 
13980,qui je m'était faché me 
13993,"Quand ils m'ont attrapé,"
13994,ils m'ont emmener
13996,é 
13997,.
14006,puis 
14011,de m'emmener 
14014,",ils m'ont donc emmenés"
14048,é le problème
14053,mon ennemi est devenu mon ami.
14066,Ce qui nes pas bien 
14067,pour tout le monde 
14091,","
14092,par exemple pour se battre 
14119,pour règl
14127,y
14153,me ne prone ps
14157, sa peut vous a
14163,la personnes peut retourner tous contre vous 
14175,ce qy
14262,E
14274,","
14296,il et parti 
14305,ne vo
14314,euros 
14353, nie a ces amie 
14360,",attentin"
14376,bagares dans la cours 
14398,.
14404,car les 
14414,) n'aicoute pas 
14416,que les surveillant dise 
14429,sortir de la vie scolaire 
14433,"ont a pas le droits de rester ,"
14442,pousser 
14448,.
14457,.
14495,Elles s'appelait 
14496,Jeane 
14505,retter poas de s'insulter 
14511,voire Ludivine
14518,Elles ont comment a se t
14529,<>
14548,veillant sont intervennu .
14550,et ils ont s'erparer
14560,viollence au coll
14569,je pense que c'est pas bien il fadrait 
14577,P
14578,uis s'expliquer
14604,à l'hopitale ou 
14608, gravement
14621,Puis c'est normal 
14637, mais je dis bien que c'est pas bien 
14663,6 ans et demi et l
14666,Son premier 
14700,.parce que c'e
14721, pas donné ces objet quelle avait emmener
14730, puis elle ces fait taper
14755,re
14758,esait
14777,Elle peut vous blesser vous mentalement 
14785,Elle ne 
14794,parler que se battre
14805,faire pareils 
14839,Ma 
14849,en nous tous une part qui a envie de se battre
14903,elle a
14906,Une
14916,",giflr"
14936,C
15021,im
15076,se 
15090,n
15108,UN
15159,meme les 
15204,2 eleves 
15223,ça fait mal 
15224,à des personnes qui n'on rien 
15246,c'est souvent des inocent qui 
15259, la forme pour ne 
15283,E
15293,c
15305,Mais il y en 
15306,a qui ne peuve pas faire de sport 
15311,parce que il n'on pas d'argent
15345,mais ca amusée c'est ami
15352,Unjour alors que petit J
15369,ca ne l'amusée pas du tout
15373,SES
15378,.Le soir il n'en parla pas 
15406,àla place de 
15420,C'en était trop pour lui
15431,Puis on ne le revis plus jamais
15464,Pour se va
15478,"Pour moi, la meilleur fa"
15486,Lorse
15502,"Moi, personnellement"
15509, t
15517,La violence est l
15535,Utiliser la violence 
15538,l
15580,Nino
15590,En core deux arr
15614,ça a archer de vive allure vers le coll
15680,", ce "
15701,qui lui attrapat le bras
15720,Ninon ne revint plus jamais dans ce coll
